name,phone,email,region,country,text
Petra Goff,1-367-480-1708,dictum.sapien.aenean@icloud.com,Agder,Italy,"ultrices, mauris ipsum porta elit, a feugiat tellus lorem eu"
Alyssa Chandler,1-615-771-1021,arcu.vestibulum@aol.couk,Samsun,Belgium,"metus urna convallis erat, eget tincidunt dui augue eu tellus."
Adara Whitley,1-581-630-8134,mauris.blandit.mattis@yahoo.couk,North Jeolla,China,in consequat enim diam vel arcu. Curabitur ut odio vel
Aaron Thornton,(116) 880-4806,nullam.feugiat@yahoo.com,Kerala,Costa Rica,"pede et risus. Quisque libero lacus, varius et, euismod et,"
Camille Logan,1-318-951-6726,id.enim.curabitur@protonmail.ca,Benue,Belgium,"metus. In lorem. Donec elementum, lorem ut aliquam iaculis, lacus"
Kadeem Chang,1-247-380-5998,dolor@outlook.ca,Córdoba,Netherlands,"sapien, gravida non, sollicitudin a, malesuada id, erat. Etiam vestibulum"
Brittany Manning,1-821-239-5556,ad.litora@aol.edu,Warwickshire,Germany,fringilla. Donec feugiat metus sit amet ante. Vivamus non lorem
Nina English,1-995-947-4451,interdum.libero@protonmail.net,Puno,Sweden,sapien. Nunc pulvinar arcu et pede. Nunc sed orci lobortis
Jena Delaney,(236) 831-7636,cum.sociis@hotmail.net,Bangsamoro,Chile,"magna. Lorem ipsum dolor sit amet, consectetuer adipiscing elit. Etiam"
Inez Trevino,(327) 137-3307,sed@google.net,South Island,India,Integer id magna et ipsum cursus vestibulum. Mauris magna. Duis
Hayfa Hampton,(761) 823-3825,convallis@hotmail.couk,Haute-Normandie,Brazil,"tincidunt adipiscing. Mauris molestie pharetra nibh. Aliquam ornare, libero at"
Dai Kirby,(617) 839-7545,erat.neque@hotmail.edu,North Island,Pakistan,"lectus rutrum urna, nec luctus felis purus ac tellus. Suspendisse"
Thane Hamilton,(651) 155-5139,eu.eros.nam@hotmail.ca,New South Wales,Russian Federation,"at pretium aliquet, metus urna convallis erat, eget tincidunt dui"
Reuben Mccoy,(826) 586-9725,praesent@aol.com,Brussels Hoofdstedelijk Gewest,Sweden,non dui nec urna suscipit nonummy. Fusce fermentum fermentum arcu.
Gregory Pickett,(938) 675-4511,eu.enim@yahoo.com,Rivers,Australia,"sagittis augue, eu tempor erat neque non quam. Pellentesque habitant"
Kyla Horn,1-644-356-8496,lacus.ut@protonmail.edu,Viken,Chile,"dictum sapien. Aenean massa. Integer vitae nibh. Donec est mauris,"
Adrienne Santos,(742) 414-6856,mauris.non.dui@google.com,Ulyanovsk Oblast,Chile,"sem, vitae aliquam eros turpis non enim. Mauris quis turpis"
Connor Willis,1-615-901-8387,sapien.cras.dolor@protonmail.edu,Pembrokeshire,Costa Rica,"pretium et, rutrum non, hendrerit id, ante. Nunc mauris sapien,"
Alisa Oneil,1-362-623-4340,ullamcorper@hotmail.couk,Opolskie,Austria,"amet, consectetuer adipiscing elit. Aliquam auctor, velit eget laoreet posuere,"
Malachi Velez,1-830-746-2193,lorem.ipsum@aol.net,Zeeland,South Korea,a nunc. In at pede. Cras vulputate velit eu sem.
Ivana Best,1-963-844-3676,eget@aol.couk,Liguria,Costa Rica,"Vivamus nibh dolor, nonummy ac, feugiat non, lobortis quis, pede."
Breanna Morrow,(571) 524-5134,natoque@aol.org,Tuyên Quang,Singapore,"in, cursus et, eros. Proin ultrices. Duis volutpat nunc sit"
Salvador Whitaker,1-146-335-5316,tortor@google.couk,Campania,Philippines,"ligula tortor, dictum eu, placerat eget, venenatis a, magna. Lorem"
Jared Holcomb,(799) 207-3672,nulla.at@icloud.couk,Heredia,Italy,"mollis vitae, posuere at, velit. Cras lorem lorem, luctus ut,"
Claire Rhodes,1-865-111-1747,vel.sapien@aol.couk,Schleswig-Holstein,Netherlands,consequat enim diam vel arcu. Curabitur ut odio vel est
Aspen Robbins,(112) 964-6836,scelerisque@outlook.edu,Morayshire,Poland,"augue porttitor interdum. Sed auctor odio a purus. Duis elementum,"
Noel Hopkins,1-357-924-4337,pede.nec@outlook.net,Waals-Brabant,Brazil,"Cras dictum ultricies ligula. Nullam enim. Sed nulla ante, iaculis"
Naomi Berg,1-877-595-3654,elit@protonmail.edu,Murcia,Philippines,Nunc pulvinar arcu et pede. Nunc sed orci lobortis augue
Nash Foreman,1-244-825-5275,dolor.dolor.tempus@yahoo.com,Şanlıurfa,Netherlands,"dolor. Fusce feugiat. Lorem ipsum dolor sit amet, consectetuer adipiscing"
Avram Avila,1-124-452-1437,tincidunt.adipiscing.mauris@hotmail.edu,Jammu and Kashmir,Costa Rica,in sodales elit erat vitae risus. Duis a mi fringilla
Courtney Griffith,1-964-494-1347,duis.gravida@yahoo.ca,Maranhão,South Korea,"tellus non magna. Nam ligula elit, pretium et, rutrum non,"
Tashya Alston,1-318-313-8211,varius.orci@google.org,Khyber Pakhtoonkhwa,Norway,"vulputate dui, nec tempus mauris erat eget ipsum. Suspendisse sagittis."
Nigel Hodges,1-641-242-6044,at.risus@protonmail.com,Flevoland,Chile,"sed pede nec ante blandit viverra. Donec tempus, lorem fringilla"
Echo Watkins,(433) 217-2128,eu.nibh@hotmail.ca,Małopolskie,Colombia,Etiam bibendum fermentum metus. Aenean sed pede nec ante blandit
Jana Woods,1-323-483-7567,dapibus@icloud.couk,Huádōng,Colombia,"natoque penatibus et magnis dis parturient montes, nascetur ridiculus mus."
Hop Frye,1-953-464-7173,gravida.mauris@hotmail.com,Viken,South Africa,"Nunc ullamcorper, velit in aliquet lobortis, nisi nibh lacinia orci,"
Carissa Slater,1-782-360-2678,nulla.integer.urna@yahoo.net,Upper Austria,India,tellus eu augue porttitor interdum. Sed auctor odio a purus.
Rachel Meyers,(764) 535-8528,eleifend@yahoo.org,Sinaloa,Poland,"tellus sem mollis dui, in sodales elit erat vitae risus."
Audrey Page,(699) 822-8596,nec.ligula@protonmail.net,Tamil Nadu,Australia,"hendrerit. Donec porttitor tellus non magna. Nam ligula elit, pretium"
Carlos Knight,1-549-374-4834,duis@yahoo.org,Styria,Norway,"lorem, eget mollis lectus pede et risus. Quisque libero lacus,"
Aurelia Hull,1-460-798-7577,etiam.gravida@yahoo.com,Friuli-Venezia Giulia,New Zealand,"lectus, a sollicitudin orci sem eget massa. Suspendisse eleifend. Cras"
Eugenia Fitzgerald,1-662-608-7648,ullamcorper@outlook.ca,Lima,Poland,"mi lorem, vehicula et, rutrum eu, ultrices sit amet, risus."
Geoffrey Sherman,1-281-263-9907,nonummy.ipsum@yahoo.ca,Antofagasta,South Africa,"risus. Nunc ac sem ut dolor dapibus gravida. Aliquam tincidunt,"
Tanner Barber,1-706-323-3846,risus.quis@outlook.net,Namen,Costa Rica,"Integer sem elit, pharetra ut, pharetra sed, hendrerit a, arcu."
Rahim Huber,1-841-641-1266,gravida.praesent.eu@protonmail.com,Zuid Holland,Colombia,egestas. Aliquam fringilla cursus purus. Nullam scelerisque neque sed sem
Rina Massey,1-578-315-5891,iaculis.aliquet.diam@google.com,Małopolskie,United Kingdom,"vel, convallis in, cursus et, eros. Proin ultrices. Duis volutpat"
Branden Hanson,1-435-872-0877,ridiculus@yahoo.ca,São Paulo,Sweden,augue. Sed molestie. Sed id risus quis diam luctus lobortis.
Chava Jennings,1-892-754-0688,consequat.nec@aol.edu,Jigawa,Costa Rica,malesuada malesuada. Integer id magna et ipsum cursus vestibulum. Mauris
Carissa Stewart,(313) 134-2198,at.arcu@google.org,Vorarlberg,Mexico,libero. Proin sed turpis nec mauris blandit mattis. Cras eget
Dexter Suarez,1-446-863-4381,nibh.aliquam.ornare@aol.couk,Provence-Alpes-Côte d'Azur,Sweden,"Cras dolor dolor, tempus non, lacinia at, iaculis quis, pede."
Marshall Carrillo,1-445-476-9220,lacinia@protonmail.com,Mexico City,South Africa,"velit justo nec ante. Maecenas mi felis, adipiscing fringilla, porttitor"
Jameson Glass,1-721-569-5615,commodo.hendrerit@aol.net,Tyrol,Chile,eget magna. Suspendisse tristique neque venenatis lacus. Etiam bibendum fermentum
Yuli Jennings,1-476-418-7568,molestie.arcu.sed@aol.com,Limburg,Germany,augue ac ipsum. Phasellus vitae mauris sit amet lorem semper
Heidi Good,1-335-430-5385,nulla.eget@icloud.net,Western Australia,Italy,magna nec quam. Curabitur vel lectus. Cum sociis natoque penatibus
Jackson Walsh,(643) 861-8241,pharetra@hotmail.couk,Xīnán,Chile,Duis dignissim tempor arcu. Vestibulum ut eros non enim commodo
Rhea Bryan,1-106-445-4638,amet.faucibus.ut@hotmail.net,Kogi,Australia,"diam nunc, ullamcorper eu, euismod ac, fermentum vel, mauris. Integer"
Sarah Garcia,1-412-471-4014,curabitur@hotmail.org,Mecklenburg-Vorpommern,Colombia,"lacinia at, iaculis quis, pede. Praesent eu dui. Cum sociis"
Mallory Hunter,1-652-411-5782,litora.torquent@outlook.edu,Rivne oblast,India,ac turpis egestas. Fusce aliquet magna a neque. Nullam ut
Xyla Walton,1-854-229-1260,aliquam.eu@protonmail.edu,British Columbia,Philippines,"nisi magna sed dui. Fusce aliquam, enim nec tempus scelerisque,"
Cleo Chen,(753) 487-4184,libero.et@yahoo.ca,Västra Götalands län,Indonesia,"ac mattis ornare, lectus ante dictum mi, ac mattis velit"
Ulric Davidson,(669) 771-3826,donec.nibh@hotmail.couk,Tabasco,Ireland,"dictum sapien. Aenean massa. Integer vitae nibh. Donec est mauris,"
Hayes Evans,1-807-694-2452,cursus.integer@google.couk,Schleswig-Holstein,Germany,elit. Nulla facilisi. Sed neque. Sed eget lacus. Mauris non
Ariel Hendricks,(988) 771-4697,tristique.senectus@yahoo.org,Northern Cape,Pakistan,"penatibus et magnis dis parturient montes, nascetur ridiculus mus. Proin"
Irma Becker,1-377-149-1673,tempus.eu.ligula@google.edu,Chocó,Philippines,Cras eget nisi dictum augue malesuada malesuada. Integer id magna
Lara Cross,1-572-726-2481,scelerisque.mollis@yahoo.org,Tula Oblast,Norway,magna et ipsum cursus vestibulum. Mauris magna. Duis dignissim tempor
Mufutau Greer,1-588-748-5168,fringilla.est@yahoo.org,North Sumatra,Pakistan,"adipiscing. Mauris molestie pharetra nibh. Aliquam ornare, libero at auctor"
Kameko Foster,1-672-844-0763,duis.risus@outlook.ca,Missouri,Ukraine,id nunc interdum feugiat. Sed nec metus facilisis lorem tristique
Jana Lamb,1-627-658-2668,non.bibendum.sed@yahoo.com,Bình Định,Mexico,tristique senectus et netus et malesuada fames ac turpis egestas.
David Watts,1-551-263-8428,quis.turpis@icloud.ca,Magadan Oblast,Singapore,"egestas hendrerit neque. In ornare sagittis felis. Donec tempor, est"
Whitney Forbes,1-807-564-5527,maecenas.mi@google.couk,FATA,Poland,"eget metus eu erat semper rutrum. Fusce dolor quam, elementum"
Lysandra Salas,1-554-384-3169,nec.ante@yahoo.org,Illes Balears,Costa Rica,"ullamcorper. Duis cursus, diam at pretium aliquet, metus urna convallis"
Jin White,1-354-281-1488,et.magnis.dis@aol.org,Queensland,Mexico,"euismod et, commodo at, libero. Morbi accumsan laoreet ipsum. Curabitur"
Quynn Blevins,1-897-374-7724,donec.egestas@hotmail.couk,Provence-Alpes-Côte d'Azur,Australia,Nulla aliquet. Proin velit. Sed malesuada augue ut lacus. Nulla
Violet Boone,(317) 282-1687,nunc.id@google.couk,South Chungcheong,Sweden,arcu. Aliquam ultrices iaculis odio. Nam interdum enim non nisi.
Carissa Chen,1-153-774-0622,integer.vitae.nibh@google.couk,Western Australia,Germany,"ante bibendum ullamcorper. Duis cursus, diam at pretium aliquet, metus"
Samuel Mcmillan,(752) 666-5470,mi.enim@aol.net,Rheinland-Pfalz,France,"fermentum convallis ligula. Donec luctus aliquet odio. Etiam ligula tortor,"
Hu Massey,(412) 623-6779,metus.vitae@outlook.couk,Munster,Nigeria,"penatibus et magnis dis parturient montes, nascetur ridiculus mus. Proin"
Declan Maxwell,1-384-897-3631,consectetuer@aol.com,Limpopo,France,"pellentesque eget, dictum placerat, augue. Sed molestie. Sed id risus"
Ryder Ware,1-412-364-7808,vestibulum.accumsan.neque@google.edu,Ulster,Philippines,vulputate ullamcorper magna. Sed eu eros. Nam consequat dolor vitae
Dahlia Horn,1-513-714-7485,ipsum.dolor@hotmail.org,Los Ríos,Spain,ipsum. Donec sollicitudin adipiscing ligula. Aenean gravida nunc sed pede.
Orlando Donaldson,1-855-754-7647,tellus.aenean@icloud.edu,Tasmania,Nigeria,"elit elit fermentum risus, at fringilla purus mauris a nunc."
Kylan Shelton,(787) 788-3535,dictum.augue@protonmail.edu,Antalya,Ukraine,ligula. Aenean gravida nunc sed pede. Cum sociis natoque penatibus
Shana Tate,1-483-363-3620,suspendisse@icloud.net,North Region,France,arcu. Nunc mauris. Morbi non sapien molestie orci tincidunt adipiscing.
Jesse Colon,1-154-708-6487,nec.diam.duis@outlook.org,Limburg,Ukraine,cursus. Integer mollis. Integer tincidunt aliquam arcu. Aliquam ultrices iaculis
Kyla Gay,1-814-435-4161,donec.nibh@icloud.ca,Nizhny Novgorod Oblast,United Kingdom,ac turpis egestas. Aliquam fringilla cursus purus. Nullam scelerisque neque
Cullen Singleton,(324) 874-6756,leo.in@hotmail.couk,Arica y Parinacota,Belgium,sit amet ante. Vivamus non lorem vitae odio sagittis semper.
Zenia Cameron,(982) 353-1632,facilisis@aol.com,Cajamarca,New Zealand,interdum ligula eu enim. Etiam imperdiet dictum magna. Ut tincidunt
Amanda Gay,1-444-795-0313,sit.amet@outlook.couk,Brandenburg,Belgium,"enim consequat purus. Maecenas libero est, congue a, aliquet vel,"
Cynthia Savage,(168) 385-4454,diam.nunc.ullamcorper@yahoo.couk,Zamboanga Peninsula,New Zealand,"dictum magna. Ut tincidunt orci quis lectus. Nullam suscipit, est"
Nina Sellers,(380) 460-4786,sed.pede@hotmail.org,San Luis Potosí,Philippines,"urna justo faucibus lectus, a sollicitudin orci sem eget massa."
Levi Burch,(578) 988-4883,eu@hotmail.net,Limpopo,South Korea,"ultrices. Vivamus rhoncus. Donec est. Nunc ullamcorper, velit in aliquet"
Charles Hess,1-258-286-7816,risus.in.mi@outlook.com,Madrid,Vietnam,molestie tellus. Aenean egestas hendrerit neque. In ornare sagittis felis.
Lydia Flowers,1-277-377-5676,quis@yahoo.ca,Gujarat,Norway,"placerat, augue. Sed molestie. Sed id risus quis diam luctus"
Illana Nunez,(769) 475-7664,sem.eget@protonmail.com,Junín,Ukraine,lacus. Ut nec urna et arcu imperdiet ullamcorper. Duis at
Ishmael Burgess,1-473-866-4498,ridiculus.mus@hotmail.net,Aragón,Peru,nulla. Integer urna. Vivamus molestie dapibus ligula. Aliquam erat volutpat.
Asher Cobb,(913) 361-6683,eros.nam@icloud.ca,Omsk Oblast,South Korea,"rutrum. Fusce dolor quam, elementum at, egestas a, scelerisque sed,"
Iris Diaz,1-647-887-7863,elit@hotmail.ca,Connacht,China,"mauris ut mi. Duis risus odio, auctor vitae, aliquet nec,"
Calvin Barry,1-271-938-4740,a@outlook.ca,West Nusa Tenggara,China,"elit fermentum risus, at fringilla purus mauris a nunc. In"
Allegra Lowery,(322) 390-8158,inceptos@outlook.edu,Eastern Cape,Colombia,Sed et libero. Proin mi. Aliquam gravida mauris ut mi.
Yvonne Buckley,1-762-730-6322,odio.a@protonmail.ca,Friesland,United States,ante ipsum primis in faucibus orci luctus et ultrices posuere
